The SAS System,,,,,,,,,,,
,,,,,,,,,,,
release_id,estimize_actual,anndats,ibes_actvalue,IBES_adj_actual,ticker,etick,y,ibes_right,estimize_right,formatted_date,
68273,0.2,11/1/2012,0.13,0.13,ABMD,ABMD,0.07,0,0,11/1/2012,0.18
93116,0.33,7/10/2012,0.3,0.3,ADTN,ADTN,0.03,0,0,7/10/2012,
93235,0.3,7/15/2014,0.26,0.26,ADTN,ADTN,0.04,0,1,7/15/2014,
102172,0.43,5/5/2014,0.35,0.35,AEIS,AEIS,0.08,0,0,5/5/2014,0.44
82232,0.39,8/4/2014,0.36,0.36,AIN,AIN,0.03,0,0,8/4/2014,0.37
73716,0.12,3/30/2015,0.49,0.49,AIR,AIR,0.37,0,0,3/30/2015,0.94
48994,0.36,4/6/2014,0.31,0.31,AJG,AJG,0.05,0,0,4/6/2014,
49000,0.7,7/29/2014,0.8,0.8,AJG,AJG,0.1,0,1,7/29/2014,
49078,0.58,10/28/2014,0.69,0.69,AJG,AJG,0.11,0,0,10/28/2014,0.68
99610,0.7,2/10/2015,0.65,0.65,AKAM,AKAM,0.05,0,1,2/10/2015,
33241,-0.28,4/28/2015,-0.32,-0.32,AKS,AKS,0.04,0,1,4/28/2015,
33153,-0.4,4/22/2014,-0.59,-0.59,AKS,AKS,0.19,0,1,4/22/2014,
33013,-0.26,1/24/2012,-0.51,-0.51,AKS,AKS,0.25,na,na,1/24/2012,
714,1.23,10/17/2012,1.1,1.1,ALB,ALB,0.13,1,0,10/17/2012,
68472,0.4,10/17/2013,0.42,0.42,ALGN,ALGN,0.02,0,1,10/17/2013,
57686,-0.63,8/7/2014,-0.58,-0.58,ALNY,ALNY,0.05,0,1,8/7/2014,
15507,0.28,2/9/2015,0.34,0.34,ALSN,ALSN,0.06,0,0,2/9/2015,
17869,0.3,2/17/2015,0.32,0.32,AMC,AMC,0.02,0,1,2/17/2015,
15664,1.87,8/8/2013,0.73,0.73,AMCX,AMCX,1.14,0,0,8/8/2013,
31693,-0.24,7/24/2014,-0.27,-0.27,AMZN,AMZN,0.03,1,0,7/24/2014,
31022,0.01,7/26/2012,0.16,0.16,AMZN,AMZN,0.15,na,na,7/26/2012,
101288,-0.07,10/22/2014,-0.09,-0.09,ANGI,ANGI,0.02,0,0,10/22/2014,
112466,0.68,2/23/2012,0.73,0.73,ANSS,ANSS,0.05,na,na,2/23/2012,
75703,0.63,7/22/2014,0.66,0.66,AOS,AOS,0.03,0,0,7/22/2014,
551,1.26,1/24/2012,1.36,1.36,APD,APD,0.1,na,na,1/24/2012,
45452,-0.63,11/18/2013,-0.57,-0.57,APU,APU,0.06,0,0,11/18/2013,
45432,-0.43,7/30/2013,-0.32,-0.32,APU,APU,0.11,0,1,7/30/2013,
45536,2.71,5/4/2015,2.17,2.17,APU,APU,0.54,0,0,5/4/2015,1.37
39289,-0.02,2/21/2013,-0.04,-0.04,AREX,AREX,0.02,1,0,2/21/2013,
56766,0.2,4/24/2013,0.36,0.36,ASGN,ASGN,0.16,0,0,4/24/2013,
105113,1.11,1/17/2013,0.52,0.52,ASML,ASML,0.59,0,0,1/17/2013,
65382,0.3,10/18/2012,0.25,0.25,ATHN,ATHN,0.05,0,0,10/18/2012,
73665,-0.18,9/3/2014,-0.16,-0.16,AVAV,AVAV,0.02,0,0,9/3/2014,
73797,-0.04,6/25/2013,-0.32,-0.32,AVAV,AVAV,0.28,0,0,6/25/2013,
59498,-0.49,2/13/2013,-0.43,-0.43,AVEO,AVEO,0.06,0,0,2/13/2013,
14719,0.54,2/23/2015,0.46,0.46,AXL,AXL,0.08,0,0,2/23/2015,
14713,4.21,2/8/2013,-0.02,-0.02,AXL,AXL,4.23,0,0,2/8/2013,
50350,1.43,7/29/2014,1.38,1.38,AXP,AXP,0.05,0,0,7/29/2014,
88644,0.49,2/21/2013,0.52,0.52,AYR,AYR,0.03,0,0,2/21/2013,
74910,1.11,4/25/2012,1.22,1.22,BA,BA,0.11,0,0,4/25/2012,
52840,-0.01,10/15/2014,-0.03,-0.03,BAC,BAC,0.02,0,1,10/15/2014,
51987,0.19,7/18/2012,0.17,0.17,BAC,BAC,0.02,na,na,7/18/2012,
52674,0.19,7/16/2014,0.22,0.22,BAC,BAC,0.03,0,0,7/16/2014,
51931,0.28,10/18/2011,0.31,0.31,BAC,BAC,0.03,na,na,10/18/2011,
51982,0.31,4/19/2012,0.24,0.24,BAC,BAC,0.07,ba,na,4/19/2012,
52434,-0.05,4/16/2014,0.1,0.1,BAC,BAC,0.15,0,1,4/16/2014,
109229,0.38,1/30/2013,0.41,0.41,BAH,BAH,0.03,0,0,1/30/2013,
71737,0.89,4/23/2015,1,1,BAX,BAX,0.11,0,0,4/23/2015,
40745,-0.23,2/25/2015,-0.18,-0.18,BBG,BBG,0.05,0,0,2/25/2015,
40867,-0.24,5/8/2015,-0.12,-0.12,BBG,BBG,0.12,0,0,5/8/2015,
115684,0.63,2/5/2015,0.72,0.72,BCE,BCE,0.09,0,0,2/5/2015,
71144,1.31,5/1/2012,1.38,1.38,BDX,BDX,0.07,0,0,5/1/2012,
29400,-0.06,1/31/2013,-0.02,-0.02,BEBE,BEBE,0.04,0,0,1/31/2013,
29431,-0.31,5/8/2014,-0.27,-0.27,BEBE,BEBE,0.04,0,0,5/8/2014,
18633,-0.09,5/7/2014,-0.04,-0.04,BID,BID,0.05,0,0,5/7/2014,
18690,-0.4,11/10/2014,-0.26,-0.26,BID,BID,0.14,0,0,11/10/2014,
31461,0.86,10/27/2011,0.84,0.84,BIDU,BIDU,0.02,0,0,10/27/2011,
31497,0.87,4/24/2012,0.85,0.85,BIDU,BIDU,0.02,0,0,4/24/2012,
31535,1.27,7/23/2012,1.24,1.24,BIDU,BIDU,0.03,0,0,7/23/2012,
31481,0.95,2/16/2012,0.92,0.92,BIDU,BIDU,0.03,0,0,2/16/2012,
31632,1.39,2/26/2014,7.9,7.9,BIDU,BIDU,6.51,0,0,2/26/2014,
31610,1.41,10/29/2013,8.63,8.63,BIDU,BIDU,7.22,0,0,10/29/2013,
31701,1.73,7/24/2014,10.09,10.09,BIDU,BIDU,8.36,0,0,7/24/2014,
31739,1.9,10/29/2014,11,11,BIDU,BIDU,9.1,0,0,10/29/2014,
32611,0.98,3/7/2014,1.45,1.45,BIG,BIG,0.47,0,0,3/7/2014,
63226,-0.01,8/6/2014,-0.07,-0.07,BIOS,BIOS,0.06,0,0,8/6/2014,
63176,-0.23,2/26/2014,-0.02,-0.02,BIOS,BIOS,0.21,0,0,2/26/2014,
101507,0.68,3/9/2015,0.73,0.73,BITA,BITA,0.05,0,0,3/9/2015,
54887,0.58,4/17/2013,0.5,0.5,BK,BK,0.08,0,0,4/17/2013,
54876,0.68,10/17/2012,0.57,0.57,BK,BK,0.11,0,0,10/17/2012,
63454,-0.58,2/4/2015,0.53,0.53,BKD,BKD,1.11,0,0,2/4/2015,
29302,-1.08,6/19/2012,-0.98,-0.98,BKS,BKS,0.1,0,0,6/19/2012,
29453,-0.72,6/25/2014,-0.93,-0.93,BKS,BKS,0.21,0,0,6/25/2014,
29417,-2.11,6/25/2013,-1.8,-1.8,BKS,BKS,0.31,0,0,6/25/2013,
29359,-0.18,2/28/2013,1.08,1.08,BKS,BKS,1.26,0,0,2/28/2013,
52118,1.53,2/24/2015,1.75,1.75,BMO,BMO,0.22,0,0,2/24/2015,
59803,-0.16,10/23/2014,-0.38,-0.38,BMRN,BMRN,0.22,0,0,10/23/2014,
59820,-0.16,4/30/2015,-0.38,-0.38,BMRN,BMRN,0.22,0,0,4/30/2015,
59685,-0.11,2/26/2014,-0.43,-0.43,BMRN,BMRN,0.32,0,0,2/26/2014,
59873,-0.08,2/25/2015,-0.47,-0.47,BMRN,BMRN,0.39,0,0,2/25/2015,
19037,0.41,3/6/2012,0.44,0.44,BPI,BPI,0.03,0,0,3/6/2012,
19089,-0.12,3/11/2014,-0.02,-0.02,BPI,BPI,0.1,0,0,3/11/2014,
49814,0.36,1/26/2015,0.38,0.38,BRO,BRO,0.02,0,0,1/26/2015,
49514,0.4,4/21/2014,0.36,0.36,BRO,BRO,0.04,0,0,4/21/2014,
46501,0.28,7/29/2013,0.22,0.22,BWP,BWP,0.06,0,0,7/29/2013,
46509,0.08,2/10/2014,0.29,0.29,BWP,BWP,0.21,0,0,2/10/2014,
52453,1.23,4/14/2014,1.3,1.3,C,C,0.07,0,0,4/14/2014,
85669,2.54,10/22/2012,2.26,2.26,CAT,CAT,0.28,0,0,10/22/2012,
116488,-0.07,2/19/2015,-0.1,-0.1,CBB,CBB,0.03,0,0,2/19/2015,
116354,-0.06,2/27/2013,-0.01,-0.01,CBB,CBB,0.05,0,0,2/27/2013,
116409,-0.15,2/20/2014,-0.06,-0.06,CBB,CBB,0.09,0,0,2/20/2014,
116451,-0.14,11/5/2014,-0.01,-0.01,CBB,CBB,0.13,0,0,11/5/2014,
116445,0,8/7/2014,0.53,0.53,CBB,CBB,0.53,0,0,8/7/2014,
81723,1.91,2/25/2014,1.19,1.19,CBI,CBI,0.72,0,0,2/25/2014,
52005,0.5,5/3/2013,0.48,0.48,CBOE,CBOE,0.02,0,0,5/3/2013,
4647,1.06,10/17/2012,1,1,CCK,CCK,0.06,0,0,10/17/2012,
16999,-0.42,2/19/2013,0.01,0.01,CCO,CCO,0.43,0,0,2/19/2013,
115691,1.14,2/20/2014,0.09,0.09,CCOI,CCOI,1.05,0,0,2/20/2014,
33315,-0.23,11/6/2013,-0.46,-0.46,CDE,CDE,0.23,0,0,11/6/2013,
19369,-0.12,3/3/2015,-0.07,-0.07,CECO,CECO,0.05,0,0,3/3/2015,
35265,0.09,4/25/2013,0.05,0.05,CENX,CENX,0.04,0,0,4/25/2013,
35251,-0.35,2/23/2012,-0.31,-0.31,CENX,CENX,0.04,0,0,2/23/2012,
35286,-0.23,4/24/2014,-0.29,-0.29,CENX,CENX,0.06,0,0,4/24/2014,
35334,0.65,2/24/2015,0.54,0.54,CENX,CENX,0.11,0,0,2/24/2015,
25508,-0.81,2/25/2015,0.08,0.08,CHDN,CHDN,0.89,0,0,2/25/2015,
94816,0.08,12/11/2014,-0.08,-0.08,CIEN,CIEN,0.16,0,0,12/11/2014,
35277,0.82,7/25/2013,1.14,1.14,CLF,CLF,0.32,0,0,7/25/2013,
79029,0.49,2/25/2015,0.46,0.46,CLH,CLH,0.03,0,0,2/25/2015,
78743,0.15,5/7/2014,0.19,0.19,CLH,CLH,0.04,0,0,5/7/2014,
40643,0.5,2/19/2014,-0.06,-0.06,CLMT,CLMT,0.56,0,0,2/19/2014,
40663,-0.76,5/7/2014,0.5,0.5,CLMT,CLMT,1.26,0,0,5/7/2014,
40970,-0.13,8/8/2013,-0.23,-0.23,CLNE,CLNE,0.1,0,0,8/8/2013,
10341,0.9,2/4/2013,0.93,0.93,CLX,CLX,0.03,0,0,2/4/2013,
10321,1.36,8/2/2012,1.32,1.32,CLX,CLX,0.04,0,0,8/2/2012,
10499,1.1,10/31/2014,1.05,1.05,CLX,CLX,0.05,0,0,10/31/2014,
33399,0.39,1/7/2014,0.14,0.14,CMC,CMC,0.25,0,0,1/7/2014,
82517,2.2,10/25/2011,2.35,2.35,CMI,CMI,0.15,0,0,10/25/2011,
93202,0.28,6/4/2015,0.3,0.3,CMTL,CMTL,0.02,0,0,6/4/2015,
49410,0.34,7/29/2013,0.3,0.3,CNO,CNO,0.04,0,0,7/29/2013,
49484,0.41,2/10/2015,0.29,0.29,CNO,CNO,0.12,0,0,2/10/2015,
117639,0.3,8/6/2014,0.21,0.21,CNP,CNP,0.09,0,0,8/6/2014,
115672,0.2,3/7/2013,0.18,0.18,CNSL,CNSL,0.02,0,0,3/7/2013,
36621,0.64,1/31/2014,2.61,2.61,CNX,CNX,1.97,0,0,1/31/2014,
51372,0.13,3/2/2015,0.34,0.34,CODI,CODI,0.21,0,0,3/2/2015,
51418,0.03,5/7/2013,0.43,0.43,CODI,CODI,0.4,0,0,5/7/2013,
74191,1.2,7/24/2012,1.14,1.14,COL,COL,0.06,0,0,7/24/2012,
74471,1.1,1/23/2015,1.26,1.26,COL,COL,0.16,0,0,1/23/2015,
70739,2,9/4/2014,1.9,1.9,COO,COO,0.1,0,0,9/4/2014,
36379,1.67,7/31/2014,1.61,1.61,COP,COP,0.06,0,0,7/31/2014,
36290,2,1/30/2014,1.4,1.4,COP,COP,0.6,0,0,1/30/2014,
36247,1.4,10/26/2011,2.52,2.52,COP,COP,1.12,0,0,10/26/2011,
118176,-0.33,8/1/2014,-0.01,-0.01,CPN,CPN,0.32,0,0,8/1/2014,
118068,0.22,2/13/2013,-0.19,-0.19,CPN,CPN,0.41,0,0,2/13/2013,
76601,0.32,11/25/2013,0.34,0.34,CPRT,CPRT,0.02,0,0,11/25/2013,
76551,0.31,2/27/2013,0.38,0.38,CPRT,CPRT,0.07,0,0,2/27/2013,
12244,-0.01,5/8/2015,0.06,0.06,CROX,CROX,0.07,0,0,5/8/2015,
106480,0.36,1/26/2012,0.43,0.43,CRUS,CRUS,0.07,0,0,1/26/2012,
13842,0,2/28/2014,0.13,0.13,CTB,CTB,0.13,0,0,2/28/2014,
40860,-0.07,4/29/2015,-0.11,-0.11,CVE,CVE,0.04,0,0,4/29/2015,
40734,0.46,4/30/2014,0.5,0.5,CVE,CVE,0.04,0,0,4/30/2014,
40711,-0.25,2/14/2013,0.05,0.05,CVE,CVE,0.3,0,0,2/14/2013,
40825,-0.78,2/12/2015,-0.12,-0.12,CVE,CVE,0.66,0,0,2/12/2015,
40861,2.99,2/1/2013,3.27,3.27,CVX,CVX,0.28,0,0,2/1/2013,
65816,1.24,4/30/2012,1.22,1.22,CYOU,CYOU,0.02,0,0,4/30/2012,
25814,-12.8,3/11/2014,-12.83,-12.83,CZR,CZR,0.03,0,0,3/11/2014,
25828,-3.06,8/11/2014,-3.24,-3.24,CZR,CZR,0.18,0,0,8/11/2014,
117985,0.74,1/31/2014,0.8,0.8,D,D,0.06,0,0,1/31/2014,
9081,0.18,2/26/2014,0.03,0.03,DAR,DAR,0.15,0,0,2/26/2014,
25596,0.03,2/15/2012,0.05,0.05,DENN,DENN,0.02,0,0,2/15/2012,
32812,0.69,9/5/2012,0.65,0.65,DG,DG,0.04,0,0,9/5/2012,
75200,-0.96,5/7/2013,-0.37,-0.37,DGI,DGI,0.59,0,0,5/7/2013,
116467,-0.03,1/22/2015,-0.01,-0.01,DGII,DGII,0.02,0,0,1/22/2015,
79546,0.84,7/19/2012,0.81,0.81,DHR,DHR,0.03,0,0,7/19/2012,
17609,0.5,8/8/2012,0.59,0.59,DISH,DISH,0.09,0,0,8/8/2012,
42243,-0.08,2/26/2014,-0.01,-0.01,DK,DK,0.07,0,0,2/26/2014,
30450,0.88,3/6/2012,0.76,0.76,DKS,DKS,0.12,0,0,3/6/2012,
98860,0.6,4/21/2015,0.56,0.56,DLB,DLB,0.04,0,0,4/21/2015,
98795,0.52,7/24/2014,0.38,0.38,DLB,DLB,0.14,0,0,7/24/2014,
15225,0.6,4/28/2015,0.65,0.65,DORM,DORM,0.05,0,0,4/28/2015,
86518,1.3,10/17/2012,1.32,1.32,DOV,DOV,0.02,0,0,10/17/2012,
51246,0.18,10/12/2012,0.14,0.14,DRH,DRH,0.04,0,0,10/12/2012,
51426,0.26,8/8/2014,0.13,0.13,DRH,DRH,0.13,0,0,8/8/2014,
51484,0.19,5/8/2015,0.06,0.06,DRH,DRH,0.13,0,0,5/8/2015,
51609,0.26,11/4/2014,0.11,0.11,DRH,DRH,0.15,0,0,11/4/2014,
51261,0.14,5/10/2013,-0.02,-0.02,DRH,DRH,0.16,0,0,5/10/2013,
87218,-0.04,5/22/2013,0,0,DSX,DSX,0.04,0,0,5/22/2013,
118222,-1.13,3/14/2013,-0.88,-0.88,DYN,DYN,0.25,0,0,3/14/2013,
118451,-0.93,5/6/2015,-1.49,-1.49,DYN,DYN,0.56,0,0,5/6/2015,
18462,0.3,4/28/2014,0.27,0.27,EDU,EDU,0.03,0,0,4/28/2014,
18518,0.3,7/22/2014,0.27,0.27,EDU,EDU,0.03,0,0,7/22/2014,
18362,0.06,1/29/2013,-0.1,-0.1,EDU,EDU,0.16,0,0,1/29/2013,
75333,0.4,5/11/2015,-0.36,-0.36,EGL,EGL,0.76,0,0,5/11/2015,
49622,-0.01,2/20/2014,-0.11,-0.11,EHTH,EHTH,0.1,0,0,2/20/2014,
49735,-0.12,4/24/2015,0.13,0.13,EHTH,EHTH,0.25,0,0,4/24/2015,
101642,-0.06,11/4/2014,0.16,0.16,EIGI,EIGI,0.22,0,0,11/4/2014,
10711,0.8,11/4/2014,0.59,0.59,EL,EL,0.21,0,0,11/4/2014,
121641,0.43,2/19/2015,0.49,0.49,ENB,ENB,0.06,0,0,2/19/2015,
121586,0.47,5/7/2014,0.6,0.6,ENB,ENB,0.13,0,0,5/7/2014,
100929,0.88,2/13/2013,0.97,0.97,EQIX,EQIX,0.09,0,0,2/13/2013,
100957,0.09,7/24/2013,0.5,0.5,EQIX,EQIX,0.41,0,0,7/24/2013,
101070,0.22,7/30/2014,0.87,0.87,EQIX,EQIX,0.65,0,0,7/30/2014,
75206,0.29,10/31/2013,0.19,0.19,ERJ,ERJ,0.1,0,0,10/31/2013,
75327,-0.33,4/30/2015,0.263,0.263,ERJ,ERJ,0.59,0,0,4/30/2015,
121542,0.6,5/8/2013,0.63,0.63,ETP,ETP,0.03,0,0,5/8/2013,
121651,0.44,11/5/2014,0.41,0.41,ETP,ETP,0.03,0,0,11/5/2014,
121535,0.56,2/20/2013,0.62,0.62,ETP,ETP,0.06,0,0,2/20/2013,
121558,0.76,5/6/2014,0.6,0.6,ETP,ETP,0.16,0,0,5/6/2014,
121592,0.92,8/6/2014,0.67,0.67,ETP,ETP,0.25,0,0,8/6/2014,
42159,-0.14,5/12/2014,-0.16,-0.16,EVEP,EVEP,0.02,0,0,5/12/2014,
41999,0.06,5/11/2015,-1.26,-1.26,EVEP,EVEP,1.32,0,0,5/11/2015,
564,0.6,5/14/2015,0.66,0.66,EXP,EXP,0.06,0,0,5/14/2015,
50324,0.76,4/19/2012,0.73,0.73,EZPW,EZPW,0.03,0,0,4/19/2012,
50282,0.87,1/28/2014,0.84,0.84,FCFS,FCFS,0.03,0,0,1/28/2014,
35716,0.72,1/19/2012,0.67,0.67,FCX,FCX,0.05,0,0,1/19/2012,
113806,1.1,12/13/2011,1.02,1.02,FDS,FDS,0.08,0,0,12/13/2011,
47464,-0.58,9/29/2014,-0.52,-0.52,FGP,FGP,0.06,0,0,9/29/2014,
86448,0.93,7/23/2014,0.9,0.9,FLS,FLS,0.03,0,0,7/23/2014,
86319,1.1,2/18/2014,1.01,1.01,FLS,FLS,0.09,0,0,2/18/2014,
50297,0.4,11/13/2014,0.37,0.37,FLY,FLY,0.03,0,0,11/13/2014,
106498,-0.25,2/6/2013,-0.32,-0.32,FORM,FORM,0.07,0,0,2/6/2013,
13286,1.1,8/6/2013,1.15,1.15,FOSL,FOSL,0.05,0,0,8/6/2013,
13467,3,2/17/2015,2.92,2.92,FOSL,FOSL,0.08,0,0,2/17/2015,
13275,1.21,5/7/2013,1.1,1.1,FOSL,FOSL,0.11,0,0,5/7/2013,
106911,-0.62,4/30/2015,-0.55,-0.55,FSLR,FSLR,0.07,0,0,4/30/2015,
22125,-0.32,2/19/2015,-0.23,-0.23,FUN,FUN,0.09,0,0,2/19/2015,
22032,-1.95,5/8/2013,-1.1,-1.1,FUN,FUN,0.85,0,0,5/8/2013,
30467,2.07,3/13/2014,2.16,2.16,GCO,GCO,0.09,0,0,3/13/2014,
75037,1.79,7/25/2012,1.77,1.77,GD,GD,0.02,0,0,7/25/2012,
5790,0.61,6/4/2014,0.57,0.57,GEF,GEF,0.04,0,0,6/4/2014,
78254,0.48,8/7/2013,0.44,0.44,GEO,GEO,0.04,0,0,8/7/2013,
77996,0.55,5/8/2013,0.38,0.38,GEO,GEO,0.17,0,0,5/8/2013,
78067,0.58,4/29/2014,0.39,0.39,GEO,GEO,0.19,0,0,4/29/2014,
78280,0.81,2/18/2015,0.52,0.52,GEO,GEO,0.29,0,0,2/18/2015,
78325,0.72,4/30/2015,0.41,0.41,GEO,GEO,0.31,0,0,4/30/2015,
78121,0.85,8/6/2014,0.54,0.54,GEO,GEO,0.31,0,0,8/6/2014,
46895,-0.56,3/11/2013,0.44,0.44,GIFI,GIFI,1,0,0,3/11/2013,
81754,0.17,2/24/2015,0.15,0.15,GLDD,GLDD,0.02,0,0,2/24/2015,
81679,-0.42,8/8/2013,-0.29,-0.29,GLDD,GLDD,0.13,0,0,8/8/2013,
41252,-0.27,5/27/2015,-0.29,-0.29,GLNG,GLNG,0.02,0,0,5/27/2015,
49431,0.21,4/30/2013,0.3,0.3,GNW,GNW,0.09,0,0,4/30/2013,
49518,-1.7,11/5/2014,-0.64,-0.64,GNW,GNW,1.06,0,0,11/5/2014,
104158,4.51,10/18/2012,9.03,9.03,GOOG,GOOG,4.52,0,0,10/18/2012,
102426,4.78,7/18/2013,9.56,9.56,GOOG,GOOG,4.78,0,0,7/18/2013,
101990,5.04,4/12/2012,10.08,10.08,GOOG,GOOG,5.04,0,0,4/12/2012,
102163,5.06,7/19/2012,10.12,10.12,GOOG,GOOG,5.06,0,0,7/19/2012,
104650,5.33,1/22/2013,10.59,10.59,GOOG,GOOG,5.26,0,0,1/22/2013,
102501,5.37,10/17/2013,10.74,10.74,GOOG,GOOG,5.37,0,0,10/17/2013,
102346,5.79,4/18/2013,11.58,11.58,GOOG,GOOG,5.79,0,0,4/18/2013,
102581,6.01,1/30/2014,12.01,12.01,GOOG,GOOG,6,0,0,1/30/2014,
31563,-0.05,2/27/2013,-0.01,-0.01,GRPN,GRPN,0.04,0,0,2/27/2013,
67476,0.87,4/25/2012,0.85,0.85,GSK,GSK,0.02,0,0,4/25/2012,
67498,1.04,2/5/2014,0.97,0.97,GSK,GSK,0.07,0,0,2/5/2014,
22204,0.99,2/7/2013,1.2,1.2,HAS,HAS,0.21,0,0,2/7/2013,
75190,0.41,2/24/2015,0.44,0.44,HEI,HEI,0.03,0,0,2/24/2015,
75095,0.41,2/25/2014,0.37,0.37,HEI,HEI,0.04,0,0,2/25/2014,
36620,1.66,1/30/2013,1.2,1.2,HES,HES,0.46,0,0,1/30/2013,
35762,0.01,11/5/2014,-0.01,-0.01,HL,HL,0.02,0,0,11/5/2014,
35925,-0.03,11/5/2013,-0.01,-0.01,HL,HL,0.02,0,0,11/5/2013,
47728,0.44,7/21/2014,0.58,0.58,HLX,HLX,0.14,0,0,7/21/2014,
46997,1.08,1/31/2012,1.29,1.29,HP,HP,0.21,0,0,1/31/2012,
19421,3.29,6/11/2014,3.24,3.24,HRB,HRB,0.05,0,0,6/11/2014,
31036,0.77,11/6/2013,0.7,0.7,HSNI,HSNI,0.07,0,0,11/6/2013,
30976,0.67,8/1/2012,0.53,0.53,HSNI,HSNI,0.14,0,0,8/1/2012,
66161,0.08,7/21/2014,0.1,0.1,HSTM,HSTM,0.02,0,0,7/21/2014,
22024,2.08,8/11/2014,1.97,1.97,HTHT,HTHT,0.11,0,0,8/11/2014,
22051,-0.1,5/13/2014,-0.22,-0.22,HTHT,HTHT,0.12,0,0,5/13/2014,
61126,1.46,4/30/2012,1.49,1.49,HUM,HUM,0.03,0,0,4/30/2012,
51324,1.84,2/6/2013,1.76,1.76,ICE,ICE,0.08,0,0,2/6/2013,
55967,0.5,5/7/2014,0.48,0.48,ICFI,ICFI,0.02,0,0,5/7/2014,
15189,3,5/7/2014,0.03,0.03,IEP,IEP,2.97,0,0,5/7/2014,
79711,0.13,5/1/2014,0.2,0.2,IIVI,IIVI,0.07,0,0,5/1/2014,
58262,-0.26,2/12/2014,-0.15,-0.15,INCY,INCY,0.11,0,0,2/12/2014,
40260,0.83,4/30/2014,0.73,0.73,INT,INT,0.1,0,0,4/30/2014,
40267,0.81,2/12/2015,0.7,0.7,INT,INT,0.11,0,0,2/12/2015,
102326,0.56,4/17/2012,0.53,0.53,INTC,INTC,0.03,0,0,4/17/2012,
102296,0.69,10/18/2011,0.65,0.65,INTC,INTC,0.04,0,0,10/18/2011,
4339,0.57,7/25/2013,0.64,0.64,IP,IP,0.07,0,0,7/25/2013,
763,0.91,2/21/2012,0.88,0.88,IPHS,IPHS,0.03,0,0,2/21/2012,
82713,1.15,7/20/2012,1,1,IR,IR,0.15,0,0,7/20/2012,
19666,0.38,10/25/2011,0.5,0.5,IRBT,IRBT,0.12,0,0,10/25/2011,
69491,4.25,1/23/2014,4.28,4.28,ISRG,ISRG,0.03,0,0,1/23/2014,
69751,2.77,7/22/2014,3,3,ISRG,ISRG,0.23,0,0,7/22/2014,
69833,3.35,10/21/2014,3.92,3.92,ISRG,ISRG,0.57,0,0,10/21/2014,
69630,1.13,4/22/2014,2.67,2.67,ISRG,ISRG,1.54,0,0,4/22/2014,
102681,0.3,6/5/2015,0.24,0.24,IXYS,IXYS,0.06,0,0,6/5/2015,
22661,0.3,11/19/2012,0.43,0.43,JACK,JACK,0.13,0,0,11/19/2012,
22655,0.42,8/8/2012,0.26,0.26,JACK,JACK,0.16,0,0,8/8/2012,
21627,-0.43,7/23/2014,-0.25,-0.25,JAKK,JAKK,0.18,0,0,7/23/2014,
21570,-1.26,4/25/2013,-1.47,-1.47,JAKK,JAKK,0.21,0,0,4/25/2013,
21683,-2.14,7/17/2013,-0.94,-0.94,JAKK,JAKK,1.2,0,0,7/17/2013,
102706,-0.22,11/26/2013,-0.37,-0.37,JASO,JASO,0.15,0,0,11/26/2013,
99457,0.91,2/13/2014,0.8,0.8,JCOM,JCOM,0.11,0,0,2/13/2014,
32574,-1.16,5/15/2014,-1.14,-1.14,JCP,JCP,0.02,0,1,5/15/2014,
32343,-1.81,11/20/2013,-1.85,-1.85,JCP,JCP,0.04,0,1,11/20/2013,
32445,-0.68,2/26/2014,-0.76,-0.76,JCP,JCP,0.08,0,1,2/26/2014,
32050,-0.37,8/10/2012,-0.5,-0.5,JCP,JCP,0.13,na,na,8/10/2012,
31972,-0.25,5/15/2012,-0.43,-0.43,JCP,JCP,0.18,na,na,5/15/2012,
32292,-2.16,8/20/2013,-1.17,-1.17,JCP,JCP,0.99,0,1,8/20/2013,
76663,0.5,3/5/2015,0.22,0.22,JOBS,JOBS,0.28,0,0,3/5/2015,
51864,1.3,1/14/2014,1.4,1.4,JPM,JPM,0.1,0,0,1/14/2014,
51428,1.4,10/12/2012,1.51,1.51,JPM,JPM,0.11,0,0,10/12/2012,
51420,0.67,7/13/2012,1.09,1.09,JPM,JPM,0.42,0,0,7/13/2012,
7466,1,4/26/2012,0.95,0.95,K,K,0.05,0,0,4/26/2012,
19932,0.28,9/24/2013,0.3,0.3,KBH,KBH,0.02,0,0,9/24/2013,
19804,-0.31,6/29/2012,-0.37,-0.37,KBH,KBH,0.06,0,0,6/29/2012,
53825,-1.09,11/4/2011,-0.91,-0.91,KKR,KKR,0.18,0,0,11/4/2011,
36906,0.21,10/17/2012,0.19,0.19,KMI,KMI,0.02,0,0,10/17/2012,
36901,0.21,1/18/2012,0.4,0.4,KMI,KMI,0.19,0,0,1/18/2012,
15479,1.08,8/7/2014,0.16,0.16,LAMR,LAMR,0.92,0,0,8/7/2014,
81110,-1.14,4/13/2015,-1.17,-1.17,LAYN,LAYN,0.03,0,0,4/13/2015,
81106,-0.63,9/9/2014,-0.55,-0.55,LAYN,LAYN,0.08,0,0,9/9/2014,
81156,-1.22,6/5/2013,-0.81,-0.81,LAYN,LAYN,0.41,0,0,6/5/2013,
19869,0.43,7/26/2012,0.39,0.39,LEG,LEG,0.04,0,0,7/26/2012,
20330,0.4,9/24/2012,0.23,0.23,LEN,LEN,0.17,0,0,9/24/2012,
26969,-0.05,4/29/2015,-0.29,-0.29,LL,LL,0.24,0,0,4/29/2015,
73926,2.03,11/1/2012,1.98,1.98,LLL,LLL,0.05,0,0,11/1/2012,
72508,0.21,2/3/2014,0.12,0.12,LMNX,LMNX,0.09,0,0,2/3/2014,
72445,0.2,7/28/2014,0.09,0.09,LMNX,LMNX,0.11,0,0,7/28/2014,
74144,2.38,1/23/2014,2.04,2.04,LMT,LMT,0.34,0,0,1/23/2014,
42542,-0.4,10/30/2014,-0.43,-0.43,LNG,LNG,0.03,0,0,10/30/2014,
42497,-0.52,2/20/2015,-0.7,-0.7,LNG,LNG,0.18,0,0,2/20/2015,
61434,0.75,2/14/2014,0.78,0.78,LPNT,LPNT,0.03,0,0,2/14/2014,
4480,0.03,8/5/2014,-0.03,-0.03,LPX,LPX,0.06,0,0,8/5/2014,
1083,-0.35,2/27/2014,1.58,1.58,LXU,LXU,1.93,0,0,2/27/2014,
1322,2.46,10/24/2014,2.52,2.52,LYB,LYB,0.06,0,0,10/24/2014,
53919,0.48,5/3/2012,0.59,0.59,MAIN,MAIN,0.11,0,0,5/3/2012,
23169,0.57,4/29/2014,0.54,0.54,MAR,MAR,0.03,0,0,4/29/2014,
21716,-0.03,4/17/2014,0.01,0.01,MAT,MAT,0.04,0,0,4/17/2014,
23713,1.09,10/21/2014,1.36,1.36,MCD,MCD,0.27,0,0,10/21/2014,
24266,0.07,3/20/2014,0.15,0.15,MCS,MCS,0.08,0,0,3/20/2014,
67921,0.2,2/18/2015,-0.33,-0.33,MDCO,MDCO,0.53,0,0,2/18/2015,
44024,-0.04,5/11/2015,-0.02,-0.02,MDR,MDR,0.02,0,0,5/11/2015,
23301,-0.02,10/30/2014,-0.04,-0.04,MGM,MGM,0.02,0,0,10/30/2014,
23355,0.07,2/17/2015,-0.7,-0.7,MGM,MGM,0.77,0,0,2/17/2015,
21270,0.45,2/3/2015,0.35,0.35,MHO,MHO,0.1,0,0,2/3/2015,
88554,-0.04,10/31/2012,0.69,0.69,MIC,MIC,0.73,0,0,10/31/2012,
78774,0.5,6/25/2014,0.47,0.47,MLHR,MLHR,0.03,0,0,6/25/2014,
11122,0.62,8/8/2013,0.65,0.65,MNST,MNST,0.03,0,0,8/8/2013,
11119,0.37,5/8/2013,0.42,0.42,MNST,MNST,0.05,0,0,5/8/2013,
2336,1.12,7/16/2013,1.14,1.14,MOS,MOS,0.02,0,0,7/16/2013,
2332,0.94,3/28/2013,0.9,0.9,MOS,MOS,0.04,0,0,3/28/2013,
2756,0.79,4/30/2015,0.7,0.7,MOS,MOS,0.09,0,0,4/30/2015,
77067,0.4,4/22/2014,0.36,0.36,MSA,MSA,0.04,0,0,4/22/2014,
112815,0.71,1/26/2015,0.75,0.75,MSFT,MSFT,0.04,0,0,1/26/2015,
24623,-1.77,12/8/2014,-2.23,-2.23,MTN,MTN,0.46,0,0,12/8/2014,
83168,0.18,8/6/2012,0.32,0.32,MTW,MTW,0.14,0,0,8/6/2012,
103695,0.29,10/10/2013,0.2,0.2,MU,MU,0.09,0,0,10/10/2013,
91650,-0.29,4/23/2015,-0.32,-0.32,MXWL,MXWL,0.03,0,0,4/23/2015,
58772,0.48,5/6/2014,0.6,0.6,MYGN,MYGN,0.12,0,0,5/6/2014,
37708,-0.48,8/12/2013,-0.43,-0.43,NAT,NAT,0.05,0,0,8/12/2013,
37705,-0.59,5/13/2013,-0.43,-0.43,NAT,NAT,0.16,0,0,5/13/2013,
96483,0.4,1/29/2015,0.34,0.34,NATI,NATI,0.06,0,0,1/29/2015,
83634,-4.39,6/10/2013,-4.32,-4.32,NAV,NAV,0.07,0,0,6/10/2013,
83642,-3.07,3/5/2014,-2.81,-2.81,NAV,NAV,0.26,0,0,3/5/2014,
83655,-3.65,6/5/2014,-3.14,-3.14,NAV,NAV,0.51,0,0,6/5/2014,
83611,-11.5,12/19/2012,-7.89,-7.89,NAV,NAV,3.61,0,0,12/19/2012,
34042,0.36,7/29/2014,0.2,0.2,NEM,NEM,0.16,0,0,7/29/2014,
1652,4.17,1/29/2015,4.3,4.3,NEU,NEU,0.13,0,0,1/29/2015,
51601,0.13,8/2/2012,0.11,0.11,NEWS,NEWS,0.02,0,0,8/2/2012,
74215,2.4,4/23/2014,2.63,2.63,NOC,NOC,0.23,0,0,4/23/2014,
86384,0.57,2/19/2015,0.2,0.2,NPO,NPO,0.37,0,0,2/19/2015,
118010,-0.18,5/6/2014,-0.23,-0.23,NRG,NRG,0.05,0,0,5/6/2014,
118164,0.2,2/27/2015,0.38,0.38,NRG,NRG,0.18,0,0,2/27/2015,
118083,-0.15,5/8/2015,-0.37,-0.37,NRG,NRG,0.22,0,0,5/8/2015,
118101,0.39,8/9/2013,0.64,0.64,NRG,NRG,0.25,0,0,8/9/2013,
117955,2.06,2/27/2013,-0.14,-0.14,NRG,NRG,2.2,0,0,2/27/2013,
31151,-0.18,3/5/2013,-0.06,-0.06,NTRI,NTRI,0.12,0,0,3/5/2013,
34327,0.53,1/28/2014,0.46,0.46,NUE,NUE,0.07,0,0,1/28/2014,
105360,0.19,8/9/2012,0.22,0.22,NVDA,NVDA,0.03,0,0,8/9/2012,
105745,0.24,5/6/2014,0.21,0.21,NVDA,NVDA,0.03,0,0,5/6/2014,
106239,0.43,2/11/2015,0.35,0.35,NVDA,NVDA,0.08,0,0,2/11/2015,
105818,0.3,8/7/2014,0.22,0.22,NVDA,NVDA,0.08,0,0,8/7/2014,
116961,0.77,10/23/2014,0.34,0.34,NWE,NWE,0.43,0,0,10/23/2014,
120633,0.29,11/6/2012,-0.29,-0.29,NWN,NWN,0.58,0,0,11/6/2012,
16444,-0.01,10/25/2012,0.03,0.03,NYT,NYT,0.04,0,0,10/25/2012,
16426,-0.01,10/20/2011,0.05,0.05,NYT,NYT,0.06,0,0,10/20/2011,
75667,0.62,10/26/2011,0.9,0.9,OC,OC,0.28,0,0,10/26/2011,
54796,0.58,2/11/2013,0.3,0.3,OHI,OHI,0.28,0,0,2/11/2013,
54877,0.69,7/23/2014,0.38,0.38,OHI,OHI,0.31,0,0,7/23/2014,
54821,0.65,2/3/2014,0.32,0.32,OHI,OHI,0.33,0,0,2/3/2014,
2323,0.33,10/23/2014,0.41,0.41,OLN,OLN,0.08,0,0,10/23/2014,
2344,0.17,4/27/2015,0.26,0.26,OLN,OLN,0.09,0,0,4/27/2015,
16599,1.23,7/22/2014,1.2,1.2,OMC,OMC,0.03,0,0,7/22/2014,
59243,-0.06,8/11/2014,-0.04,-0.04,OPK,OPK,0.02,0,0,8/11/2014,
59253,-0.26,5/11/2015,-0.2,-0.2,OPK,OPK,0.06,0,0,5/11/2015,
97386,0.17,11/3/2014,0.29,0.29,ORBK,ORBK,0.12,0,0,11/3/2014,
84405,0.83,4/29/2014,0.8,0.8,OSK,OSK,0.03,0,0,4/29/2014,
70443,-0.18,5/8/2013,-0.06,-0.06,OSUR,OSUR,0.12,0,0,5/8/2013,
54868,0.47,2/5/2015,0.5,0.5,OZM,OZM,0.03,0,0,2/5/2015,
109046,0.61,3/5/2012,0.58,0.58,PAY,PAY,0.03,0,0,3/5/2012,
60291,-1.03,3/2/2015,-1.57,-1.57,PBYI,PBYI,0.54,0,0,3/2/2015,
39068,-0.04,8/8/2014,-0.79,-0.79,PDCE,PDCE,0.75,0,0,8/8/2014,
59097,0.44,5/12/2014,0.42,0.42,PDLI,PDLI,0.02,0,0,5/12/2014,
118150,0.01,3/2/2015,-0.36,-0.36,PEGI,PEGI,0.37,0,0,3/2/2015,
23908,0.07,10/23/2014,0.1,0.1,PENN,PENN,0.03,0,0,10/23/2014,
23798,-11.4,2/6/2014,3.89,3.89,PENN,PENN,15.29,0,0,2/6/2014,
66798,0.6,11/1/2011,0.62,0.62,PFE,PFE,0.02,0,0,11/1/2011,
76208,0.16,3/12/2015,-0.37,-0.37,PGEM,PGEM,0.53,0,0,3/12/2015,
49106,0.63,1/28/2015,0.6,0.6,PGR,PGR,0.03,0,0,1/28/2015,
48950,0.49,7/10/2014,0.45,0.45,PGR,PGR,0.04,0,0,7/10/2014,
48804,0.5,1/22/2014,0.41,0.41,PGR,PGR,0.09,0,0,1/22/2014,
48704,0.54,7/11/2013,0.39,0.39,PGR,PGR,0.15,0,0,7/11/2013,
48670,0.46,10/10/2012,0.27,0.27,PGR,PGR,0.19,0,0,10/10/2012,
51696,-0.32,5/7/2014,-0.73,-0.73,PHH,PHH,0.41,0,0,5/7/2014,
20501,0.13,7/26/2012,0.11,0.11,PHM,PHM,0.02,0,0,7/26/2012,
53006,1.63,10/16/2012,1.47,1.47,PNC,PNC,0.16,0,0,10/16/2012,
54605,0.28,8/5/2014,0.2,0.2,PNNT,PNNT,0.08,0,0,8/5/2014,
68935,0,11/5/2014,-0.12,-0.12,PODD,PODD,0.12,0,0,11/5/2014,
119082,0.29,8/2/2013,0.2,0.2,POR,POR,0.09,0,0,8/2/2013,
9359,-0.92,8/7/2014,-0.3,-0.3,POST,POST,0.62,0,0,8/7/2014,
50052,0.93,10/30/2013,1.02,1.02,PRAA,PRAA,0.09,0,0,10/30/2013,
112160,0.36,1/3/2012,0.34,0.34,PRGS,PRGS,0.02,0,0,1/3/2012,
48697,1.04,11/2/2011,1.07,1.07,PRU,PRU,0.03,0,0,11/2/2011,
45609,0.53,2/5/2015,0.46,0.46,PTEN,PTEN,0.07,0,0,2/5/2015,
39027,1.1,11/1/2011,1.14,1.14,PXD,PXD,0.04,0,0,11/1/2011,
70069,-0.06,7/30/2013,-0.15,-0.15,QDEL,QDEL,0.09,0,0,7/30/2013,
70037,0.08,10/23/2012,-0.02,-0.02,QDEL,QDEL,0.1,0,0,10/23/2012,
70127,-0.01,10/21/2014,-0.11,-0.11,QDEL,QDEL,0.1,0,0,10/21/2014,
70056,0.49,4/23/2013,0.34,0.34,QDEL,QDEL,0.15,0,0,4/23/2013,
72681,0.26,11/4/2012,0.24,0.24,QGEN,QGEN,0.02,0,0,11/4/2012,
72691,0.34,1/29/2013,0.32,0.32,QGEN,QGEN,0.02,0,0,1/29/2013,
72702,0.27,7/30/2013,0.23,0.23,QGEN,QGEN,0.04,0,0,7/30/2013,
77210,0.39,3/4/2013,0.87,0.87,QUAD,QUAD,0.48,0,0,3/4/2013,
6981,0.1,4/10/2014,0.06,0.06,RAD,RAD,0.04,0,0,4/10/2014,
59108,2.4,11/5/2013,1.25,1.25,REGN,REGN,1.15,0,0,11/5/2013,
34391,0.35,4/29/2015,0.38,0.38,RGLD,RGLD,0.03,0,0,4/29/2015,
21717,1,2/27/2013,1.02,1.02,RGR,RGR,0.02,0,0,2/27/2013,
51507,1.05,2/26/2015,0.67,0.67,RHP,RHP,0.38,0,0,2/26/2015,
51237,1.29,5/7/2013,0.86,0.86,RHP,RHP,0.43,0,0,5/7/2013,
51369,0.97,8/5/2014,0.48,0.48,RHP,RHP,0.49,0,0,8/5/2014,
46136,0.28,2/27/2012,0.24,0.24,RIG,RIG,0.04,0,0,2/27/2012,
46152,0.88,8/1/2012,0.72,0.72,RIG,RIG,0.16,0,0,8/1/2012,
59080,-0.25,3/3/2015,-0.15,-0.15,RIGL,RIGL,0.1,0,0,3/3/2015,
12693,1.8,8/6/2014,1.83,1.83,RL,RL,0.03,0,0,8/6/2014,
104556,0.08,1/26/2012,-0.26,-0.26,RMBS,RMBS,0.34,0,0,1/26/2012,
69988,0.53,8/2/2012,0.55,0.55,RMD,RMD,0.02,0,0,8/2/2012,
70019,0.54,10/25/2012,0.5,0.5,RMD,RMD,0.04,0,0,10/25/2012,
70040,0.59,1/24/2013,0.54,0.54,RMD,RMD,0.05,0,0,1/24/2013,
47613,0.78,3/2/2015,0.18,0.18,RNET,RNET,0.6,0,0,3/2/2015,
65289,-0.88,10/30/2013,-0.56,-0.56,RNWK,RNWK,0.32,0,0,10/30/2013,
23557,-0.43,1/8/2014,-0.51,-0.51,RT,RT,0.08,0,0,1/8/2014,
23536,-0.36,10/9/2013,-0.23,-0.23,RT,RT,0.13,0,0,10/9/2013,
74097,1.49,4/25/2013,1.41,1.41,RTN,RTN,0.08,0,0,4/25/2013,
74080,1.72,1/26/2012,1.58,1.58,RTN,RTN,0.14,0,0,1/26/2012,
114989,-0.12,10/25/2012,-0.26,-0.26,S,S,0.14,0,0,10/25/2012,
115702,-0.6,2/5/2015,-0.06,-0.06,S,S,0.54,0,0,2/5/2015,
10885,1.17,2/22/2012,1.2,1.2,SAM,SAM,0.03,0,0,2/22/2012,
10915,1.06,8/1/2012,1.19,1.19,SAM,SAM,0.13,0,0,8/1/2012,
65041,0.61,7/18/2013,0.73,0.73,SAP,SAP,0.12,0,0,7/18/2013,
65120,1.5,1/21/2014,1.28,1.28,SAP,SAP,0.22,0,0,1/21/2014,
65017,1.5,1/23/2013,1.14,1.14,SAP,SAP,0.36,0,0,1/23/2013,
115119,0.01,5/1/2014,-0.07,-0.07,SBAC,SBAC,0.08,0,0,5/1/2014,
115351,-0.61,4/23/2015,0.04,0.04,SBAC,SBAC,0.65,0,0,4/23/2015,
115289,1.33,11/4/2014,-0.13,-0.13,SBAC,SBAC,1.46,0,0,11/4/2014,
15887,-0.38,3/20/2014,-0.68,-0.68,SCHL,SCHL,0.3,0,0,3/20/2014,
34684,-0.33,4/7/2015,-0.43,-0.43,SCHN,SCHN,0.1,0,0,4/7/2015,
99116,0.28,7/25/2013,-0.04,-0.04,SCOR,SCOR,0.32,0,0,7/25/2013,
27510,0.6,11/19/2012,0.63,0.63,SCVL,SCVL,0.03,0,0,11/19/2012,
38630,0.74,2/26/2015,0.78,0.78,SDRL,SDRL,0.04,0,0,2/26/2015,
38288,1.09,8/27/2012,0.73,0.73,SDRL,SDRL,0.36,0,0,8/27/2012,
54586,0.512,1/28/2015,0.45,0.45,SEIC,SEIC,0.06,0,0,1/28/2015,
44543,0.65,2/4/2015,0.79,0.79,SEP,SEP,0.14,0,0,2/4/2015,
38355,0.41,11/29/2012,0.44,0.44,SFL,SFL,0.03,0,0,11/29/2012,
31302,-0.31,7/31/2013,-0.29,-0.29,SFLY,SFLY,0.02,0,0,7/31/2013,
31244,1.48,2/1/2012,0.97,0.97,SFLY,SFLY,0.51,0,0,2/1/2012,
23540,-0.04,3/12/2014,0.03,0.03,SGMS,SGMS,0.07,0,0,3/12/2014,
23639,-0.8,5/7/2015,-1.01,-1.01,SGMS,SGMS,0.21,0,0,5/7/2015,
32362,-0.34,2/26/2015,-0.47,-0.47,SHLD,SHLD,0.13,0,0,2/26/2015,
32359,-2.71,12/4/2014,-2.84,-2.84,SHLD,SHLD,0.13,0,0,12/4/2014,
32349,-1.46,8/22/2013,-1.7,-1.7,SHLD,SHLD,0.24,0,0,8/22/2013,
32346,-1.29,5/23/2013,-1.54,-1.54,SHLD,SHLD,0.25,0,0,5/23/2013,
32367,-2,6/8/2015,-2.34,-2.34,SHLD,SHLD,0.34,0,0,6/8/2015,
32357,-3.79,5/22/2014,-2.34,-2.34,SHLD,SHLD,1.45,0,0,5/22/2014,
32354,-5.03,11/21/2013,-3.13,-3.13,SHLD,SHLD,1.9,0,0,11/21/2013,
2611,1.14,1/30/2014,1.27,1.27,SHW,SHW,0.13,0,0,1/30/2014,
23855,-0.07,2/18/2015,-0.37,-0.37,SIX,SIX,0.3,0,0,2/18/2015,
81427,0.46,4/10/2014,0.4,0.4,SJR,SJR,0.06,0,0,4/10/2014,
87746,-0.29,8/6/2014,-0.2,-0.2,SKYW,SKYW,0.09,0,0,8/6/2014,
104369,0.46,4/24/2013,0.59,0.59,SLAB,SLAB,0.13,0,0,4/24/2013,
44912,0.96,10/21/2011,0.98,0.98,SLB,SLB,0.02,0,0,10/21/2011,
35844,0.72,2/24/2015,0.82,0.82,SLCA,SLCA,0.1,0,0,2/24/2015,
20588,0.9,10/30/2013,0.76,0.76,SODA,SODA,0.14,0,0,10/30/2013,
21210,0.17,5/6/2015,0.4,0.4,SODA,SODA,0.23,0,0,5/6/2015,
100013,0.42,8/6/2012,0.32,0.32,SOHU,SOHU,0.1,0,0,8/6/2012,
100153,-0.61,11/3/2014,-0.74,-0.74,SOHU,SOHU,0.13,0,0,11/3/2014,
100167,-0.36,2/9/2015,-0.51,-0.51,SOHU,SOHU,0.15,0,0,2/9/2015,
100148,-0.87,7/28/2014,-1.16,-1.16,SOHU,SOHU,0.29,0,0,7/28/2014,
100144,-1.26,4/28/2014,-2.05,-2.05,SOHU,SOHU,0.79,0,0,4/28/2014,
44559,2.28,5/9/2013,2.33,2.33,SPH,SPH,0.05,0,0,5/9/2013,
44807,-1.05,11/14/2013,-0.91,-0.91,SPH,SPH,0.14,0,0,11/14/2013,
44607,-0.98,8/7/2014,-0.71,-0.71,SPH,SPH,0.27,0,0,8/7/2014,
58619,-0.07,5/7/2015,-0.22,-0.22,SPPI,SPPI,0.15,0,0,5/7/2015,
74152,1.04,10/31/2014,1.2,1.2,SPR,SPR,0.16,0,0,10/31/2014,
117142,0.99,5/2/2013,0.83,0.83,SRE,SRE,0.16,0,0,5/2/2013,
60582,-0.94,2/26/2015,-1.08,-1.08,SRPT,SRPT,0.14,0,0,2/26/2015,
60515,-1.15,5/7/2015,-1.49,-1.49,SRPT,SRPT,0.34,0,0,5/7/2015,
27168,1.33,3/12/2013,1.09,1.09,SSI,SSI,0.24,0,0,3/12/2013,
16421,-0.05,5/6/2013,-0.03,-0.03,SSP,SSP,0.02,0,0,5/6/2013,
69654,0.7,5/7/2013,0.64,0.64,STE,STE,0.06,0,0,5/7/2013,
34769,0.4,1/28/2015,0.36,0.36,STLD,STLD,0.04,0,0,1/28/2015,
34235,0.27,1/28/2013,0.2,0.2,STLD,STLD,0.07,0,0,1/28/2013,
18763,-0.26,3/13/2015,-0.245,-0.245,STON,STON,0.02,0,0,3/13/2015,
18730,0,8/8/2014,-0.04,-0.04,STON,STON,0.04,0,0,8/8/2014,
44521,-0.34,3/26/2015,-1.32,-1.32,STRI,STRI,0.98,0,0,3/26/2015,
35747,0.21,1/29/2015,0.1,0.1,SXC,SXC,0.11,0,0,1/29/2015,
27163,-0.08,3/5/2013,-0.06,-0.06,SYX,SYX,0.02,0,0,3/5/2013,
6275,0.5,8/12/2013,0.47,0.47,SYY,SYY,0.03,0,0,8/12/2013,
115400,-0.15,2/25/2015,-0.12,-0.12,TDS,TDS,0.03,0,0,2/25/2015,
115492,-0.39,2/26/2013,0.02,0.02,TDS,TDS,0.41,0,0,2/26/2013,
115371,-1.07,10/31/2014,-0.25,-0.25,TDS,TDS,0.82,0,0,10/31/2014,
115300,-0.06,2/26/2014,-1.58,-1.58,TDS,TDS,1.52,0,0,2/26/2014,
74866,1.49,1/29/2015,1.47,1.47,TDY,TDY,0.02,0,0,1/29/2015,
74838,1.47,10/23/2014,1.52,1.52,TDY,TDY,0.05,0,0,10/23/2014,
74696,1.52,7/26/2012,1.48,1.48,TGI,TGI,0.04,0,0,7/26/2012,
32235,1.45,2/23/2012,1.43,1.43,TGT,TGT,0.02,0,0,2/23/2012,
32360,0.95,8/21/2013,0.97,0.97,TGT,TGT,0.02,0,0,8/21/2013,
32429,0.54,11/21/2013,0.56,0.56,TGT,TGT,0.02,0,0,11/21/2013,
32344,0.77,5/22/2013,0.82,0.82,TGT,TGT,0.05,0,0,5/22/2013,
32306,0.9,11/15/2012,0.81,0.81,TGT,TGT,0.09,0,0,11/15/2012,
32472,0.81,2/26/2014,0.9,0.9,TGT,TGT,0.09,0,0,2/26/2014,
62551,-0.14,5/5/2014,-0.12,-0.12,THC,THC,0.02,0,0,5/5/2014,
13541,1.04,9/26/2013,1.07,1.07,THO,THO,0.03,0,0,9/26/2013,
14461,0.47,5/1/2014,0.45,0.45,THRM,THRM,0.02,0,0,5/1/2014,
28934,0.68,5/24/2012,0.64,0.64,TIF,TIF,0.04,0,0,5/24/2012,
84703,0.78,1/24/2013,0.8,0.8,TKR,TKR,0.02,0,0,1/24/2013,
115111,-0.19,4/24/2014,-0.11,-0.11,TNAV,TNAV,0.08,0,0,4/24/2014,
20727,0.14,5/22/2013,0.09,0.09,TOL,TOL,0.05,0,0,5/22/2013,
43315,0.15,9/8/2014,0.2,0.2,TPLM,TPLM,0.05,0,0,9/8/2014,
20580,0.83,4/19/2012,0.86,0.86,TPX,TPX,0.03,0,0,4/19/2012,
45964,-0.06,5/8/2015,-0.03,-0.03,TTI,TTI,0.03,0,0,5/8/2015,
17310,0,10/23/2014,-0.02,-0.02,TV,TV,0.02,0,0,10/23/2014,
17307,0.059,7/7/2014,0.3,0.3,TV,TV,0.24,0,0,7/7/2014,
34763,-1.29,2/20/2013,0.33,0.33,TX,TX,1.62,0,0,2/20/2013,
105700,0.6,10/24/2011,0.51,0.51,TXN,TXN,0.09,0,0,10/24/2011,
74927,0.6,10/17/2014,0.57,0.57,TXT,TXT,0.03,0,0,10/17/2014,
75754,0.21,10/17/2012,0.29,0.29,UFPI,UFPI,0.08,0,0,10/17/2012,
108983,1.3,10/21/2014,0.95,0.95,UIS,UIS,0.35,0,0,10/21/2014,
108969,-0.26,4/23/2013,-0.62,-0.62,UIS,UIS,0.36,0,0,4/23/2013,
108978,-0.74,4/22/2014,-1.15,-1.15,UIS,UIS,0.41,0,0,4/22/2014,
88086,1.09,10/25/2011,1.06,1.06,UPS,UPS,0.03,0,0,10/25/2011,
75844,-0.29,10/18/2012,-0.26,-0.26,USG,USG,0.03,0,0,10/18/2012,
75846,-0.11,2/6/2013,-0.46,-0.46,USG,USG,0.35,0,0,2/6/2013,
115343,-0.47,2/26/2013,-0.17,-0.17,USM,USM,0.3,0,0,2/26/2013,
115583,1.69,8/2/2013,0.1,0.1,USM,USM,1.59,0,0,8/2/2013,
9949,1.47,10/28/2014,1.36,1.36,USNA,USNA,0.11,0,0,10/28/2014,
59722,3.21,2/24/2015,2.37,2.37,UTHR,UTHR,0.84,0,0,2/24/2015,
59481,3.19,2/25/2014,-0.6,-0.6,UTHR,UTHR,3.79,0,0,2/25/2014,
74757,1.11,4/24/2012,1.31,1.31,UTX,UTX,0.2,0,0,4/24/2012,
14627,0.74,2/28/2013,1.45,1.45,VC,VC,0.71,0,0,2/28/2013,
106052,-0.39,7/30/2014,-0.16,-0.16,VECO,VECO,0.23,0,0,7/30/2014,
39932,0.9,7/23/2013,0.85,0.85,VLO,VLO,0.05,0,0,7/23/2013,
524,0.51,11/4/2014,0.53,0.53,VMC,VMC,0.02,0,0,11/4/2014,
363,-0.42,5/2/2013,-0.49,-0.49,VMC,VMC,0.07,0,0,5/2/2013,
352,0.03,2/14/2013,-0.32,-0.32,VMC,VMC,0.35,0,0,2/14/2013,
30934,-0.03,3/9/2015,-0.18,-0.18,VNET,VNET,0.15,0,0,3/9/2015,
59747,-0.61,7/29/2014,-0.68,-0.68,VRTX,VRTX,0.07,0,0,7/29/2014,
59881,-0.55,1/28/2015,-0.74,-0.74,VRTX,VRTX,0.19,0,0,1/28/2015,
59852,-0.62,4/29/2015,-0.83,-0.83,VRTX,VRTX,0.21,0,0,4/29/2015,
59529,-0.32,10/29/2013,-0.54,-0.54,VRTX,VRTX,0.22,0,0,10/29/2013,
59480,-0.35,1/29/2013,-0.09,-0.09,VRTX,VRTX,0.26,0,0,1/29/2013,
59703,-0.65,5/1/2014,-1,-1,VRTX,VRTX,0.35,0,0,5/1/2014,
59811,-0.37,10/28/2014,-0.72,-0.72,VRTX,VRTX,0.35,0,0,10/28/2014,
59645,-0.56,1/29/2014,0.19,0.19,VRTX,VRTX,0.75,0,0,1/29/2014,
117387,0.57,11/6/2014,0.6,0.6,VVC,VVC,0.03,0,0,11/6/2014,
54979,0.71,5/9/2013,1.5,1.5,WAC,WAC,0.79,0,0,5/9/2013,
63024,-0.07,7/24/2014,0.23,0.23,WCG,WCG,0.3,0,0,7/24/2014,
117675,0.9,5/5/2015,0.86,0.86,WEC,WEC,0.04,0,0,5/5/2015,
6674,1.51,2/21/2012,1.44,1.44,WMT,WMT,0.07,0,0,2/21/2012,
35193,0.57,3/27/2014,0.59,0.59,WOR,WOR,0.02,0,0,3/27/2014,
35058,0.17,1/5/2012,0.27,0.27,WOR,WOR,0.1,0,0,1/5/2012,
51082,1.03,5/7/2013,0.2,0.2,WPC,WPC,0.83,0,0,5/7/2013,
16848,-0.08,10/30/2014,-0.03,-0.03,WWE,WWE,0.05,0,0,10/30/2014,
60709,-0.12,3/11/2015,-0.07,-0.07,XOMA,XOMA,0.05,0,0,3/11/2015,
60683,-0.17,8/7/2014,-0.11,-0.11,XOMA,XOMA,0.06,0,0,8/7/2014,
60448,-0.11,8/14/2014,-0.53,-0.53,XON,XON,0.42,0,0,8/14/2014,
101152,-0.08,2/6/2013,-0.06,-0.06,YELP,YELP,0.02,0,0,2/6/2013,
101166,-0.08,5/1/2013,-0.06,-0.06,YELP,YELP,0.02,0,0,5/1/2013,
100690,0.11,4/28/2015,6.99,6.99,YNDX,YNDX,6.88,0,0,4/28/2015,
100628,0.21,4/25/2013,7.16,7.16,YNDX,YNDX,6.95,0,0,4/25/2013,
100678,0.3,7/29/2014,7.37,7.37,YNDX,YNDX,7.07,0,0,7/29/2014,
100632,0.46,10/24/2013,8.69,8.69,YNDX,YNDX,8.23,0,0,10/24/2013,
100672,0.23,4/24/2014,8.56,8.56,YNDX,YNDX,8.33,0,0,4/24/2014,
100613,0.26,2/19/2013,8.82,8.82,YNDX,YNDX,8.56,0,0,2/19/2013,
100630,0.27,7/25/2013,9.13,9.13,YNDX,YNDX,8.86,0,0,7/25/2013,
100636,0.31,2/20/2014,10.08,10.08,YNDX,YNDX,9.77,0,0,2/20/2014,
100685,0.31,10/23/2014,13.49,13.49,YNDX,YNDX,13.18,0,0,10/23/2014,
